ssoc_group,ssoc_major_title,n_jobs,overall_mean_sim,rank_overall_mean_sim,top1_module,top1_title,top1_sim,top2_module,top2_title,top2_sim,top3_module,top3_title,top3_sim
"UNIVERSITY, POLYTECHNIC AND HIGHER EDUCATION TEACHERS",PROFESSIONALS,32,0.4923761188983917,1,GEN2050X,Teach SG,0.6177215576171875,GEN2050,Teach SG,0.616485595703125,GEN2050Y,Teach SG,0.616485595703125
TEACHING ASSOCIATE PROFESSIONALS NOT ELSEWHERE CLASSIFIED,ASSOCIATE PROFESSIONALS AND TECHNICIANS,58,0.47860756516456604,2,GEN2050X,Teach SG,0.6419298648834229,GEN2050Y,Teach SG,0.6398252248764038,GEN2050,Teach SG,0.6398252248764038
JUNIOR COLLEGE AND PRE-UNIVERSITY EDUCATION TEACHERS,PROFESSIONALS,2,0.47585976123809814,3,GEN2050X,Teach SG,0.599365234375,PL2711,Psychology Exchange Course,0.59716796875,PL2721,Psychology Exchange Course,0.59716796875
SECONDARY EDUCATION TEACHERS,PROFESSIONALS,24,0.4746217727661133,4,GEN2050X,Teach SG,0.6291707158088684,GEN2050,Teach SG,0.62725830078125,GEN2050Y,Teach SG,0.62725830078125
EXTRACURRICULUM INSTRUCTORS,ASSOCIATE PROFESSIONALS AND TECHNICIANS,91,0.46958261728286743,5,GEN2050X,Teach SG,0.612497866153717,GEN2050Y,Teach SG,0.6100189089775085,GEN2050,Teach SG,0.6100189089775085
PRIMARY EDUCATION TEACHERS,PROFESSIONALS,20,0.4692363440990448,6,GEN2050X,Teach SG,0.6522216796875,GEN2050,Teach SG,0.6496826410293579,GEN2050Y,Teach SG,0.6496826410293579
OTHER TEACHING PROFESSIONALS,PROFESSIONALS,35,0.46873021125793457,7,GEN2050X,Teach SG,0.6043456792831421,GEN2050Y,Teach SG,0.6019810438156128,GEN2050,Teach SG,0.6019810438156128
VOCATIONAL EDUCATION TEACHERS AND TRAINERS,PROFESSIONALS,2,0.4667435884475708,8,MNO3712,Training and Development,0.6103515625,MNO3321,Training and Development,0.605712890625,EX3010,Exchange Technical Essential,0.60546875
OTHER SERVICES MANAGERS,"LEGISLATORS, SENIOR OFFICIALS AND MANAGERS",216,0.4664416015148163,9,TS2235,Marketing the Arts and Leisure Services,0.6278867125511169,MKT3720,Retail Marketing,0.6271859407424927,MKT3425,Retail Marketing,0.6247095465660095
PRESCHOOL EDUCATION TEACHERS,ASSOCIATE PROFESSIONALS AND TECHNICIANS,267,0.4656236171722412,10,GEN2050X,Teach SG,0.6206969022750854,GEN2050,Teach SG,0.618165910243988,GEN2050Y,Teach SG,0.618165910243988
"TRAVEL ATTENDANTS, CONDUCTORS AND GUIDES",SERVICES AND SALES WORKERS,5,0.46544525027275085,11,UTC2415,The Effective Non-Profit in Singapore,0.6314452886581421,UTS2415,The Effective Non-Profit in Singapore,0.6314452886581421,AH3202,Time Traveller: The Curatorial in Southeast Asia,0.6202636957168579
LEGAL PROFESSIONALS,PROFESSIONALS,35,0.463016539812088,12,LL4412,Securities and Capital Markets Regulation,0.6599748730659485,LL4475V,Law and Practice of Investment Management,0.6559012532234192,LL4475,Law and Practice of Investment Management,0.6559012532234192
"MATHEMATICIANS, ACTUARIES, STATISTICIANS AND RELATED PROFESSIONALS",PROFESSIONALS,67,0.461616575717926,13,DSC4213,Analytical Tools for Consulting,0.5930284857749939,FIN4713,Advanced Portfolio Management: Securities Analysis & Valuation,0.5899239182472229,DBA4811,Analytics for Consulting,0.5891441106796265
"LIBRARIANS, ARCHIVISTS AND CURATORS",PROFESSIONALS,5,0.4614870548248291,14,NHS2055,"""Curating"" Singapore: Museums, Heritage and Spaces",0.600878894329071,NHS2055R,"""Curating"" Singapore: Museums, Heritage and Spaces",0.600878894329071,AH3202,Time Traveller: The Curatorial in Southeast Asia,0.5873047113418579
SOFTWARE AND APPLICATIONS DEVELOPERS AND ANALYSTS,PROFESSIONALS,220,0.46133890748023987,15,SA4101,Software Analysis and Design,0.6167979836463928,CS3216,Software Product Engineering for Digital Markets,0.6036831736564636,IS3108,Full-stack Software Engineering for AI Solutions II,0.6028486490249634
CHILD CARE WORKERS AND TEACHER AIDES,SERVICES AND SALES WORKERS,111,0.46106597781181335,16,GEN2050X,Teach SG,0.6200072169303894,GEN2050,Teach SG,0.6176449656486511,GEN2050Y,Teach SG,0.6176449656486511
"SALES, MARKETING, DEVELOPMENT AND CUSTOMER SERVICE MANAGERS","LEGISLATORS, SENIOR OFFICIALS AND MANAGERS",1204,0.46020743250846863,17,MKT3720,Retail Marketing,0.6216726899147034,MKT3425,Retail Marketing,0.6207334399223328,MKT3718,Advertising & Promotion Management,0.6139400601387024
"AUTHORS, JOURNALISTS AND EDITORS",PROFESSIONALS,19,0.46010321378707886,18,CH2276,Understanding Chinese Media and Cultural Industries,0.5786389708518982,NM4248,Lifestyle Writing,0.574462890625,CH2273,Chinese Media in Singapore: Theory and Practice,0.5738717913627625
LIFE SCIENCE PROFESSIONALS,PROFESSIONALS,36,0.45941728353500366,19,CN4231E,Downstream Processing of Biochemical and Pharmaceutical Products,0.5800306797027588,TCN4231,Downstream Processing of Biochemical and Pharmaceutical Products,0.5800306797027588,PHS1101,The Billion-Dollar Pill - Bench to Bedside Drug Development,0.5792710781097412
"ARCHITECTS, PLANNERS, SURVEYORS AND DESIGNERS",PROFESSIONALS,80,0.45685651898384094,20,LAD3003,Professional Practice,0.60968017578125,SA4101,Software Analysis and Design,0.606365978717804,LAD3001,Design 5,0.6037842035293579
SOCIAL SCIENCE RESEARCHERS AND PROFESSIONALS; RELIGIOUS PROFESSIONALS,PROFESSIONALS,68,0.45465269684791565,21,SW3221,Protection of Vulnerable Clients,0.6257898807525635,SW3219,Child-centric Social Work,0.6166884303092957,CLC2203,Community Development Practicum I,0.6110085844993591
ENGINEERING PROFESSIONALS I,PROFESSIONALS,861,0.4533405601978302,22,TIE4230,Quality Engineering II,0.5813626050949097,CE4103R,Design Project,0.5736731886863708,DSC3225,Project Management,0.5707352757453918
MARKETING AND PUBLIC RELATIONS PROFESSIONALS,PROFESSIONALS,399,0.45333483815193176,23,MKT3720,Retail Marketing,0.5914670825004578,MKT3425,Retail Marketing,0.5896326303482056,MKT3420,Advertising & Promotion Management,0.5785404443740845
CONSTRUCTION LABOURERS AND RELATED WORKERS,"CLEANERS, LABOURERS AND RELATED WORKERS",1,0.45311060547828674,24,CLC3308,Being There: Engaging communities on the ground,0.61181640625,PF1107,Infrastructure and Project Management Law,0.59521484375,IPM1102,Infrastructure and Project Management Law,0.59521484375
SPORTS AND FITNESS WORKERS,ASSOCIATE PROFESSIONALS AND TECHNICIANS,65,0.45248347520828247,25,GEH1063,"Understanding Body, Mind and Culture through Sport",0.5961726307868958,VHC1001,Sports for Life,0.5770131945610046,UTS2411,Positive Youth Development in Singapore,0.5756497979164124
ENGINEERING PROFESSIONALS II (Cont’d),PROFESSIONALS,248,0.4524604380130768,26,EX3010,Exchange Technical Essential,0.5799225568771362,EE3031E,Innovation & Enterprise I,0.5780147314071655,TIE4230,Quality Engineering II,0.5742581486701965
ADMINISTRATION PROFESSIONALS,PROFESSIONALS,703,0.4513815939426422,27,MNO4314,Consulting to Management,0.590405285358429,MNO4711,Consulting to Management,0.5810616612434387,RE4801,Real Estate Internship Programme,0.5735307931900024
"PROFESSIONAL, FINANCIAL, COMMUNITY AND SOCIAL SERVICES MANAGERS","LEGISLATORS, SENIOR OFFICIALS AND MANAGERS",61,0.45110267400741577,28,FIN4713,Advanced Portfolio Management: Securities Analysis & Valuation,0.5835921764373779,SW4224,Financial Capability and Asset Building,0.5766201615333557,SW4224HM,Financial Capability and Asset Building,0.5766201615333557
LEGAL AND SOCIAL ASSOCIATE PROFESSIONALS,ASSOCIATE PROFESSIONALS AND TECHNICIANS,37,0.450614869594574,29,SW3221,Protection of Vulnerable Clients,0.5840173959732056,SW3219,Child-centric Social Work,0.5828626751899719,LL4261V,Employment Law & Migrant Workers Clinic,0.5771220326423645
MEDICAL DOCTORS,PROFESSIONALS,28,0.4505492150783539,30,MD3140,Core Clinical Practice,0.6088518500328064,MD3140E,Core Clinical Practice,0.60546875,MD3140T,Core Clinical Practice,0.60546875
PHYSICAL AND EARTH SCIENCE PROFESSIONALS,PROFESSIONALS,7,0.449754536151886,31,TIE4230,Quality Engineering II,0.6053990125656128,FST3112,Food Quality Assurance and Control,0.5975167155265808,PR2143,Pharmaceutical Analysis for Quality Assurance,0.5837053656578064
PHYSICAL AND ENGINEERING SCIENCE TECHNICIANS I,ASSOCIATE PROFESSIONALS AND TECHNICIANS,364,0.44928044080734253,32,EX3010,Exchange Technical Essential,0.5736331939697266,TIE4230,Quality Engineering II,0.5639601349830627,TCN4119,B.Tech. Dissertation,0.5609264969825745
ASSISTANT ENGINEERS,ASSOCIATE PROFESSIONALS AND TECHNICIANS,46,0.44916853308677673,33,EX3010,Exchange Technical Essential,0.579717218875885,TIE4230,Quality Engineering II,0.57798171043396,CN4217R,Processing of Microelectronic Materials,0.5741550326347351
BUSINESS SERVICES AGENTS,ASSOCIATE PROFESSIONALS AND TECHNICIANS,108,0.4491516649723053,34,TS2235,Marketing the Arts and Leisure Services,0.5808941721916199,UTS2415,The Effective Non-Profit in Singapore,0.5786110162734985,UTC2415,The Effective Non-Profit in Singapore,0.5786110162734985
OTHER HEALTH PROFESSIONALS,PROFESSIONALS,127,0.44897910952568054,35,PR2151,Applied Patient Care Skills II,0.5903416275978088,PR4138,Pharmacy Professional Skills Development IV,0.588671088218689,PR4192,Direct Patient Care Internship,0.5864450335502625
RETAIL AND WHOLESALE TRADE MANAGERS,"LEGISLATORS, SENIOR OFFICIALS AND MANAGERS",27,0.4486534297466278,36,MKT3720,Retail Marketing,0.6413483619689941,MKT3425,Retail Marketing,0.6384367942810059,UTS2415,The Effective Non-Profit in Singapore,0.5913447737693787
LIFE SCIENCE TECHNICIANS AND RELATED ASSOCIATE PROFESSIONALS,ASSOCIATE PROFESSIONALS AND TECHNICIANS,15,0.44854775071144104,37,BMI3201C,Clinical Data System Design Testing and Governance,0.579394519329071,BMI3201,Clinical Data System Design Testing and Governance,0.579394519329071,PHS1101,The Billion-Dollar Pill - Bench to Bedside Drug Development,0.5700846314430237
INFORMATION AND COMMUNICATIONS TECHNOLOGY SERVICE MANAGERS,"LEGISLATORS, SENIOR OFFICIALS AND MANAGERS",47,0.4475151002407074,38,DSC3225,Project Management,0.5676217675209045,MNO4314,Consulting to Management,0.5668478012084961,EX3010,Exchange Technical Essential,0.5638869404792786
SALES AND RELATED ASSOCIATE PROFESSIONALS,ASSOCIATE PROFESSIONALS AND TECHNICIANS,1121,0.4473176598548889,39,MKT3720,Retail Marketing,0.5965858101844788,MKT3425,Retail Marketing,0.5942530632019043,MKT3420,Advertising & Promotion Management,0.5887075662612915
"WOOD TREATERS, CABINET MAKERS AND RELATED TRADES WORKERS",CRAFTSMEN AND RELATED TRADES WORKERS,1,0.4452873170375824,40,ID2114,The Appreciation of Wood Craft,0.603515625,ID3125,"Colours, Materials & Finishing",0.5751953125,MLE3111,Materials Properties & Processing Laboratory,0.56787109375
FINANCE PROFESSIONALS,PROFESSIONALS,269,0.44498762488365173,41,FIN4713,Advanced Portfolio Management: Securities Analysis & Valuation,0.614236056804657,LL4475V,Law and Practice of Investment Management,0.5908929109573364,LL4475,Law and Practice of Investment Management,0.5908929109573364
MARKET GARDENERS AND CROP GROWERS,AGRICULTURAL AND FISHERY WORKERS,12,0.4421270489692688,42,LSM3256,Tropical Horticulture,0.6593017578125,LAD2001,Design 3,0.6171061396598816,LAD2006,Design 3,0.6171061396598816
"BUILDING, QUALITY AND SAFETY INSPECTORS",ASSOCIATE PROFESSIONALS AND TECHNICIANS,25,0.44208642840385437,43,SPH2301,Health of the Working Population,0.5920507907867432,PF4208,Safety and Health Management,0.5864453315734863,FST3112,Food Quality Assurance and Control,0.5663086175918579
"RUBBER, PLASTIC AND PAPER PRODUCTS MACHINE OPERATORS",PLANT AND MACHINE OPERATORS AND ASSEMBLERS,1,0.44194677472114563,44,TME3251,Materials For Engineers,0.595703125,CN4217R,Processing of Microelectronic Materials,0.595703125,ME3251E,Materials For Engineers,0.595703125
"DATABASE, NETWORK, INFRASTRUCTURE AND CYBERSECURITY PROFESSIONALS",PROFESSIONALS,105,0.44189003109931946,45,EX3010,Exchange Technical Essential,0.5794270634651184,TEE4210,Network Protocols and Applications,0.571356475353241,EE4210E,Network Protocols and Applications,0.571356475353241
VETERINARY TECHNICIANS AND ASSISTANTS,ASSOCIATE PROFESSIONALS AND TECHNICIANS,13,0.441522479057312,46,NUR2125,"Pathophysiology, Pharmacology and Nursing Practice II",0.5877779722213745,NUR3120,"Pathophysiology, Pharmacology and Nursing Practice III",0.5841346383094788,NUR1125,"Pathophysiology, Pharmacology and Nursing Practice I",0.5753268003463745
ADMINISTRATIVE ASSOCIATE PROFESSIONALS,ASSOCIATE PROFESSIONALS AND TECHNICIANS,713,0.4410434067249298,47,EX3010,Exchange Technical Essential,0.5684199929237366,DSC4214,Co-ordination and Flexibility in SCM,0.5570101141929626,DSC3218,Physical Distribution Management,0.5519728660583496
OTHER CLERICAL SUPPORT WORKERS,CLERICAL SUPPORT WORKERS,16,0.4408738911151886,48,LL4537,Legal Ethics and Professional Conduct,0.5799560546875,LL4537V,Legal Ethics and Professional Conduct,0.5799560546875,LC1016,"Legal Analysis, Research & Communication",0.570648193359375
INFORMATION AND COMMUNICATIONS TECHNOLOGY OPERATORS AND TECHNICIANS,ASSOCIATE PROFESSIONALS AND TECHNICIANS,90,0.4406290650367737,49,EX3010,Exchange Technical Essential,0.5942491292953491,IS2101,Business and Technical Communication,0.5786377191543579,CP3107,Computing for Social Service Agencies I,0.5701687335968018
NURSING PROFESSIONALS,PROFESSIONALS,227,0.44013240933418274,50,NUR3501,"Professionalism, Ethics and Law in Healthcare",0.596275269985199,NUR2441A,Cross-cultural Experience for Nursing Students I,0.5918926000595093,NUR2441B,Cross-cultural Experience for Nursing Students II,0.5916860699653625
GENERAL OFFICE CLERKS,CLERICAL SUPPORT WORKERS,532,0.4398825466632843,51,PS3245,Public Personnel Administration,0.5707337856292725,EX3010,Exchange Technical Essential,0.5571495294570923,ACC3712,Advanced Assurance and Attestation,0.556398332118988
PHYSICAL AND ENGINEERING SCIENCE TECHNICIANS II (Cont’d),ASSOCIATE PROFESSIONALS AND TECHNICIANS,32,0.4398149251937866,52,EX3010,Exchange Technical Essential,0.5674285888671875,TIE4230,Quality Engineering II,0.555267333984375,ME4241,"Aircraft Performance, Stability and Control",0.55511474609375
SHIP AND AIRCRAFT RELATED PROFESSIONALS,PROFESSIONALS,22,0.43970051407814026,53,LL4034V,International Regulation of Shipping,0.6081987023353577,LL4034,International Regulation of Shipping,0.6081987023353577,CN4201R,Petroleum Refining,0.5990545153617859
CLIENT INFORMATION CLERKS,CLERICAL SUPPORT WORKERS,552,0.43966248631477356,54,DOS3703,Service Operations Management,0.5614340901374817,DSC3203,Service Operations Management,0.5614340901374817,MKT3720,Retail Marketing,0.5576087832450867
NURSING ASSOCIATE PROFESSIONALS,ASSOCIATE PROFESSIONALS AND TECHNICIANS,36,0.4389726221561432,55,NUR2107B,Clinical Practice: Specialty Care,0.6212971806526184,NUR3205D,Clinical Experience IV,0.6207953691482544,NUR2203C,Clinical Experience II,0.6202934980392456
SECRETARIES AND VERBATIM REPORTERS,CLERICAL SUPPORT WORKERS,40,0.4385437071323395,56,BSN3717,Family Business,0.5740906000137329,BSP3011,Family Business,0.565570056438446,ACC3704,Advanced Corporate Accounting and Reporting,0.565014660358429
KEYBOARD OPERATORS,CLERICAL SUPPORT WORKERS,15,0.4383324980735779,57,ACC3712,Advanced Assurance and Attestation,0.5739908814430237,MUA4241,Collaborative Piano - Vocal Accompaniment,0.572021484375,MUA4441,Collaborative Piano - Vocal Accompaniment 5,0.5718749761581421
TRANSPORT OPERATIONS PLANNERS AND EXECUTIVES,ASSOCIATE PROFESSIONALS AND TECHNICIANS,6,0.4382961094379425,58,GES1017,Building a Dynamic Singapore - Role of Engineers,0.589111328125,HS1404S,Career Compass IV,0.571044921875,HS1404A,Career Compass IV,0.571044921875
SUPERVISORS AND GENERAL FOREMEN OF ASSEMBLERS AND QUALITY CHECKERS,PLANT AND MACHINE OPERATORS AND ASSEMBLERS,1,0.4382297694683075,59,ID2322,Materials and Production,0.640625,ME3263E,Design for Manufacturing and Assembly,0.61767578125,TME3263,Design for Manufacturing and Assembly,0.61767578125
VETERINARIANS,PROFESSIONALS,8,0.43748605251312256,60,PR4138,Pharmacy Professional Skills Development IV,0.572265625,PR4192,Direct Patient Care Internship,0.57025146484375,PR4193,Indirect and Specialty Patient Care Internship,0.56561279296875
PREMISES AND PARKS OFFICERS,ASSOCIATE PROFESSIONALS AND TECHNICIANS,71,0.4371841251850128,61,IPM3102,Infrastructure and Facilities Management,0.6280465722084045,RE2707,Asset and Property Management,0.6239202618598938,PF3306,Facilities Management Law And Contracts,0.6165100932121277
LEGISLATORS AND SENIOR OFFICIALS,"LEGISLATORS, SENIOR OFFICIALS AND MANAGERS",42,0.43709078431129456,62,RE4801,Real Estate Internship Programme,0.5566638708114624,MNO4314,Consulting to Management,0.5547921061515808,PS3245,Public Personnel Administration,0.5533040165901184
HEALTHCARE ASSISTANTS AND RELATED PERSONAL CARE WORKERS,SERVICES AND SALES WORKERS,125,0.4369630217552185,63,PR4192,Direct Patient Care Internship,0.5660683512687683,LL4094AV,The Corporate Law Clinic,0.5658867359161377,GEN2061Y,Support Healthy AgeingSG,0.5656914114952087
"MODELS, SALES DEMONSTRATORS AND RELATED SALES WORKERS",SERVICES AND SALES WORKERS,370,0.43682828545570374,64,MKT3720,Retail Marketing,0.5898596048355103,MKT3425,Retail Marketing,0.5875884294509888,MKT3718,Advertising & Promotion Management,0.5856887698173523
OTHER HEALTH ASSOCIATE PROFESSIONALS,ASSOCIATE PROFESSIONALS AND TECHNICIANS,69,0.4363374710083008,65,PR4138,Pharmacy Professional Skills Development IV,0.5518002510070801,MNO4314,Consulting to Management,0.5511845946311951,BCP4002B,Consulting Practicum,0.5504769682884216
"TELLERS, MONEY COLLECTORS AND RELATED CLERKS",CLERICAL SUPPORT WORKERS,14,0.435861200094223,66,FIN3761A,TIF: Transaction Banking,0.6077008843421936,FIN3120B,TIF: Transaction Banking,0.5975516438484192,ACC4761H,Sem. in Acctg: Accounting & Business Analysis for Banks,0.5702601671218872
BUSINESS SERVICES AND ADMINISTRATION MANAGERS,"LEGISLATORS, SENIOR OFFICIALS AND MANAGERS",148,0.4352041780948639,67,MNO4314,Consulting to Management,0.5710053443908691,MNO4711,Consulting to Management,0.5583330988883972,MNO3713,Management of Employee Relations,0.5581285357475281
GOVERNMENT ASSOCIATE PROFESSIONALS,ASSOCIATE PROFESSIONALS AND TECHNICIANS,6,0.43510642647743225,68,LL4054V,Domestic and International Sale of Goods,0.5735676884651184,BSN3717,Family Business,0.560302734375,LL4261V,Employment Law & Migrant Workers Clinic,0.5585123896598816
"BLACKSMITHS, TOOLMAKERS AND RELATED TRADES WORKERS",CRAFTSMEN AND RELATED TRADES WORKERS,1,0.4349406957626343,69,ME3263E,Design for Manufacturing and Assembly,0.615234375,TME3263,Design for Manufacturing and Assembly,0.615234375,ME3263,Design For Manufacturing And Assembly,0.6025390625
"MANUFACTURING, CONSTRUCTION, TRANSPORT, DISTRIBUTION AND RELATED PRODUCTION AND OPERATIONS MANAGERS","LEGISLATORS, SENIOR OFFICIALS AND MANAGERS",66,0.4336843490600586,70,DSC4214,Co-ordination and Flexibility in SCM,0.5684592723846436,DSC3218,Physical Distribution Management,0.5633471012115479,DOS3712,Physical Distribution Management,0.5633471012115479
ARTISTIC AND CULTURAL ASSOCIATE PROFESSIONALS,ASSOCIATE PROFESSIONALS AND TECHNICIANS,173,0.4335450828075409,71,FST3112,Food Quality Assurance and Control,0.5555384755134583,RE4801,Real Estate Internship Programme,0.5441668629646301,MKT3720,Retail Marketing,0.5436475276947021
MEDICAL AND PHARMACEUTICAL TECHNICIANS,ASSOCIATE PROFESSIONALS AND TECHNICIANS,55,0.4333378076553345,72,PR4138,Pharmacy Professional Skills Development IV,0.614550769329071,PR4192,Direct Patient Care Internship,0.6109907627105713,PR4193,Indirect and Specialty Patient Care Internship,0.5996360182762146
SHOP SALESPERSONS,SERVICES AND SALES WORKERS,232,0.4332890808582306,73,MKT3720,Retail Marketing,0.6189796328544617,MKT3425,Retail Marketing,0.6165308356285095,LL4054V,Domestic and International Sale of Goods,0.5647445917129517
TRADITIONAL AND COMPLEMENTARY MEDICINE PROFESSIONALS,PROFESSIONALS,4,0.43305090069770813,74,GEC1044,Chinese Medicine: Theory and Practice,0.6004638671875,GEH1070,Chinese Medicine: Theory and Practice,0.6004638671875,PR1301,Complementary Medicine and Health,0.59307861328125
"MACHINERY MECHANICS, FITTERS AND REPAIRERS",CRAFTSMEN AND RELATED TRADES WORKERS,20,0.43219828605651855,75,EX3010,Exchange Technical Essential,0.556591808795929,ME2101E,Fundamentals of Mechanical Design,0.5520263910293579,ME4265,Automotive Body & Chassis Engineering,0.5518554449081421
"MANAGING DIRECTORS, CHIEF EXECUTIVES AND GENERAL MANAGERS","LEGISLATORS, SENIOR OFFICIALS AND MANAGERS",45,0.43211695551872253,76,MKT3720,Retail Marketing,0.5599283576011658,UTC2415,The Effective Non-Profit in Singapore,0.5596082806587219,UTS2415,The Effective Non-Profit in Singapore,0.5596082806587219
MATERIAL-RECORDING AND TRANSPORT CLERKS,CLERICAL SUPPORT WORKERS,122,0.4320809245109558,77,DSC4214,Co-ordination and Flexibility in SCM,0.5753253698348999,DSC3218,Physical Distribution Management,0.5683413743972778,DOS3712,Physical Distribution Management,0.5683413743972778
NUMERICAL CLERKS,CLERICAL SUPPORT WORKERS,346,0.4319900870323181,78,ACC3704,Advanced Corporate Accounting and Reporting,0.5801641941070557,ACC4702,Advanced Corporate Accounting and Reporting,0.5801641941070557,ACC2712,Financial Accounting,0.5783846378326416
STATIONARY PLANT AND MACHINE SUPERVISORS AND GENERAL FOREMEN,PLANT AND MACHINE OPERATORS AND ASSEMBLERS,1,0.43183138966560364,79,CN4233E,Good Manufacturing Practices in Pharmaceutical Industry,0.61572265625,TCN4233,Good Manufacturing Practices in Pharmaceutical Industry,0.611328125,CN4233R,Good Manufacturing Practices in Pharmaceutical Industry,0.6103515625
PERSONAL SERVICES WORKERS NOT ELSEWHERE CLASSIFIED,SERVICES AND SALES WORKERS,24,0.4310831129550934,80,BSN3717,Family Business,0.555572509765625,UTC2415,The Effective Non-Profit in Singapore,0.5517069697380066,UTS2415,The Effective Non-Profit in Singapore,0.5517069697380066
"ASSEMBLERS, QUALITY CHECKERS AND TESTERS",PLANT AND MACHINE OPERATORS AND ASSEMBLERS,7,0.4310253858566284,81,EX3010,Exchange Technical Essential,0.5807059407234192,TIE4230,Quality Engineering II,0.5516182780265808,UTC1102F,"Junior Seminar: Leadership: Technology, Configuration, Work",0.5415736436843872
CREATIVE AND PERFORMING ARTISTS,PROFESSIONALS,25,0.43081608414649963,82,MUA3208,Creative Producing for Performers,0.5803320407867432,MUA1240,Exploration in Musical Production,0.5613574385643005,GEH1040,Exploration in Musical Production,0.5613574385643005
PROCESS CONTROL TECHNICIANS,ASSOCIATE PROFESSIONALS AND TECHNICIANS,3,0.43035468459129333,83,TCN4211,Petrochemicals & Processing Technology,0.574462890625,CN4211E,Petrochemicals & Processing Technology,0.5721028447151184,CN4111E,Process Design & Safety,0.5631510615348816
"TEXTILE, FUR AND LEATHER PRODUCTS MACHINE OPERATORS",PLANT AND MACHINE OPERATORS AND ASSEMBLERS,10,0.43013137578964233,84,ID2322,Materials and Production,0.5972656011581421,ID2114,The Appreciation of Wood Craft,0.5775390863418579,CN4217R,Processing of Microelectronic Materials,0.5694335699081421
CLERICAL SUPERVISORS,CLERICAL SUPPORT WORKERS,9,0.4301084280014038,85,MNO4314,Consulting to Management,0.5553385615348816,MKT3720,Retail Marketing,0.5537651777267456,LL4065,Comparative Corporate Governance,0.5495334267616272
FINANCIAL AND MATHEMATICAL ASSOCIATE PROFESSIONALS,ASSOCIATE PROFESSIONALS AND TECHNICIANS,130,0.43007785081863403,86,ACC4702,Advanced Corporate Accounting and Reporting,0.6054762601852417,ACC3704,Advanced Corporate Accounting and Reporting,0.6054762601852417,ACC2712,Financial Accounting,0.6012958288192749
"PORTERS, ATTENDANTS AND RELATED WORKERS","CLEANERS, LABOURERS AND RELATED WORKERS",70,0.43001511693000793,87,LL4261V,Employment Law & Migrant Workers Clinic,0.5544224381446838,LL4094AV,The Corporate Law Clinic,0.5540527105331421,GEN2061Y,Support Healthy AgeingSG,0.5540317893028259
CAR AND LIGHT GOODS VEHICLE DRIVERS,PLANT AND MACHINE OPERATORS AND ASSEMBLERS,93,0.4300024211406708,88,LL4008AV,Carriage of Goods by Sea,0.5833648443222046,LL4008A,Carriage of Goods by Sea,0.5832204222679138,LL4054V,Domestic and International Sale of Goods,0.5692073106765747
SHIP AND AIRCRAFT CONTROLLERS AND TECHNICIANS,ASSOCIATE PROFESSIONALS AND TECHNICIANS,28,0.4297982156276703,89,LL4008A,Carriage of Goods by Sea,0.5930873155593872,LL4008AV,Carriage of Goods by Sea,0.593017578125,LL4034V,International Regulation of Shipping,0.5854143500328064
"GARMENT, LEATHER AND RELATED TRADES WORKERS",CRAFTSMEN AND RELATED TRADES WORKERS,4,0.4297456443309784,90,LL4054V,Domestic and International Sale of Goods,0.54876708984375,ID2114,The Appreciation of Wood Craft,0.543701171875,UTC2415,The Effective Non-Profit in Singapore,0.543701171875
SHIPS’ DECK CREW AND RELATED WORKERS,PLANT AND MACHINE OPERATORS AND ASSEMBLERS,5,0.4296055734157562,91,LL4008BV,Charterparties,0.6083008050918579,LL4008B,Charterparties,0.6083008050918579,SE3234,"Sea, Islands, Vessels: A Voyage of Exploration",0.597851574420929
COOKS,SERVICES AND SALES WORKERS,81,0.42933884263038635,92,FST3112,Food Quality Assurance and Control,0.5859163999557495,UTC1114,Junior Seminar From the Fire to the Frying Pan: Cooking and Eating in Human Culture(s),0.5711233019828796,SN2285,What’s Cooking: Food and Drink in South Asian Cultures,0.5586690902709961
FOOD PROCESSING AND RELATED TRADES WORKERS,CRAFTSMEN AND RELATED TRADES WORKERS,28,0.429243266582489,93,NST2045,Food Production and Security in Urban Singapore,0.5733817219734192,FST2106,Post Harvest Food Processing,0.5552455186843872,FST3112,Food Quality Assurance and Control,0.5548967719078064
WAITERS AND BARTENDERS,SERVICES AND SALES WORKERS,338,0.4291565418243408,94,DOS3703,Service Operations Management,0.5663643479347229,DSC3203,Service Operations Management,0.5663643479347229,UTC2415,The Effective Non-Profit in Singapore,0.547472357749939
"SHEET AND STRUCTURAL METAL WORKERS, MOULDERS AND WELDERS AND RELATED TRADES WORKERS",CRAFTSMEN AND RELATED TRADES WORKERS,13,0.42904743552207947,95,TCE3166,Structural Steel Design and System,0.5738431215286255,CE3166,Steel Design for Urban Infrastructure,0.556227445602417,ME2102,Engineering Innovation and Modelling,0.5531663298606873
"HAIRDRESSERS, BEAUTICIANS AND RELATED WORKERS",SERVICES AND SALES WORKERS,86,0.4284144937992096,96,BCP4002B,Consulting Practicum,0.5634311437606812,MNO4314,Consulting to Management,0.5605270266532898,MNO4711,Consulting to Management,0.5531488656997681
HEAVY TRUCK AND BUS DRIVERS,PLANT AND MACHINE OPERATORS AND ASSEMBLERS,146,0.4276508390903473,97,LL4008AV,Carriage of Goods by Sea,0.5974957346916199,LL4008A,Carriage of Goods by Sea,0.5974622964859009,LL4054V,Domestic and International Sale of Goods,0.5616872906684875
OTHER STATIONARY PLANT AND MACHINE OPERATORS,PLANT AND MACHINE OPERATORS AND ASSEMBLERS,12,0.42734184861183167,98,CN4211E,Petrochemicals & Processing Technology,0.548828125,NST2045,Food Production and Security in Urban Singapore,0.5477091670036316,UTS2415,The Effective Non-Profit in Singapore,0.545654296875
TELECOMMUNICATIONS AND BROADCASTING TECHNICIANS AND AUDIO-VISUAL OPERATORS,ASSOCIATE PROFESSIONALS AND TECHNICIANS,68,0.42726489901542664,99,NST2045,Food Production and Security in Urban Singapore,0.550422191619873,ID2322,Materials and Production,0.5462144017219543,MUA1240,Exploration in Musical Production,0.5449075102806091
"SUPERVISORS AND GENERAL FOREMEN (FOOD PROCESSING, WOODWORKING, GARMENT, LEATHER AND RELATED TRADES)",CRAFTSMEN AND RELATED TRADES WORKERS,141,0.4269784390926361,100,MNO4314,Consulting to Management,0.5439937710762024,DSC3203,Service Operations Management,0.5431089997291565,DOS3703,Service Operations Management,0.5431089997291565
"METAL PROCESSING, FINISHING AND PRODUCTS PLANT OPERATORS",PLANT AND MACHINE OPERATORS AND ASSEMBLERS,19,0.4269595444202423,101,ID2322,Materials and Production,0.5694772601127625,ME2162E,Manufacturing Processes,0.5684878826141357,ME3261,Computer-Aided Design And Manufacturing,0.5621659159660339
"AGRICULTURAL, FISHERY AND RELATED LABOURERS","CLEANERS, LABOURERS AND RELATED WORKERS",11,0.42582908272743225,102,LSM3256,Tropical Horticulture,0.6561168432235718,GESS1001,Changing Landscapes of Singapore,0.611328125,GES1003,Changing Landscapes of Singapore,0.611328125
"WASTE COLLECTION, RECYCLING AND MATERIAL RECOVERY WORKERS","CLEANERS, LABOURERS AND RELATED WORKERS",2,0.42505356669425964,103,UTS2415,The Effective Non-Profit in Singapore,0.59375,UTC2415,The Effective Non-Profit in Singapore,0.59375,ESE2102,Principles & Practice in Environmental Monitoring,0.58642578125
HANDICRAFT AND PRECISION WORKERS,CRAFTSMEN AND RELATED TRADES WORKERS,10,0.4248644709587097,104,RE4801,Real Estate Internship Programme,0.548876941204071,MKT3720,Retail Marketing,0.536425769329071,MKT3425,Retail Marketing,0.5353027582168579
SUPERVISORS AND GENERAL FOREMEN (ELECTRICAL AND ELECTRONIC TRADES),CRAFTSMEN AND RELATED TRADES WORKERS,4,0.4247432053089142,105,EE4502,Electric Drives & Control,0.5528564453125,PF4208,Safety and Health Management,0.5472412109375,IPM2106,Mechanical and Electrical Systems,0.547119140625
OTHER CRAFT AND RELATED WORKERS,CRAFTSMEN AND RELATED TRADES WORKERS,18,0.42365339398384094,106,NST2045,Food Production and Security in Urban Singapore,0.553466796875,LSM3256,Tropical Horticulture,0.5455729365348816,LL4065,Comparative Corporate Governance,0.5436469316482544
FOOD PREPARATION AND KITCHEN ASSISTANTS,"CLEANERS, LABOURERS AND RELATED WORKERS",87,0.42211803793907166,107,FST3112,Food Quality Assurance and Control,0.561332643032074,FST2106,Post Harvest Food Processing,0.5529336333274841,NST2045,Food Production and Security in Urban Singapore,0.5498271584510803
"CLEANERS AND HELPERS IN HOTELS, OFFICES AND OTHER ESTABLISHMENTS","CLEANERS, LABOURERS AND RELATED WORKERS",119,0.4217729866504669,108,UTS2415,The Effective Non-Profit in Singapore,0.545356810092926,UTC2415,The Effective Non-Profit in Singapore,0.545356810092926,GEN2003,Inclusivity and Equality: Domestic Worker Community,0.5326389074325562
"BOOKMAKERS, CROUPIERS AND RELATED GAMING WORKERS",SERVICES AND SALES WORKERS,3,0.4215276837348938,109,EX3010,Exchange Technical Essential,0.5626627802848816,LL4065,Comparative Corporate Governance,0.5525715947151184,LL4055,Securities Regulation,0.5441080927848816
TRANSPORT AND STORAGE LABOURERS,"CLEANERS, LABOURERS AND RELATED WORKERS",180,0.4215176999568939,110,TSC3224,Distribution & Warehousing,0.5626220703125,EX3010,Exchange Technical Essential,0.5517469644546509,MKT3720,Retail Marketing,0.551440417766571
DOMESTIC HELPERS AND CLEANERS,"CLEANERS, LABOURERS AND RELATED WORKERS",2,0.421471506357193,111,GEN2061X,Support Healthy AgeingSG,0.5703125,GEN2061,Support Healthy AgeingSG,0.5703125,GEN2061Y,Support Healthy AgeingSG,0.5703125
CLEANING SUPERVISORS,"CLEANERS, LABOURERS AND RELATED WORKERS",13,0.42126813530921936,112,DSC3203,Service Operations Management,0.5652043223381042,DOS3703,Service Operations Management,0.5652043223381042,RE2707,Asset and Property Management,0.5538612008094788
"PAINTERS, BUILDING STRUCTURE CLEANERS AND RELATED WORKERS",CRAFTSMEN AND RELATED TRADES WORKERS,7,0.42109033465385437,113,RE2707,Asset and Property Management,0.5529087781906128,AR1326,Architectural Construction,0.5502232313156128,PF3301,Maintainability of Facilities,0.5429338812828064
SUPERVISORS AND GENERAL FOREMEN (BUILDING AND RELATED TRADES),CRAFTSMEN AND RELATED TRADES WORKERS,42,0.4209213852882385,114,TCE2183,Construction Project Management,0.6092645525932312,CE2183,Construction Project Management,0.6092645525932312,PF4208,Safety and Health Management,0.579165518283844
"VEHICLE, WINDOW, LAUNDRY AND OTHER HAND CLEANING WORKERS","CLEANERS, LABOURERS AND RELATED WORKERS",11,0.4203856587409973,115,GEN2003,Inclusivity and Equality: Domestic Worker Community,0.5511585474014282,LL4261V,Employment Law & Migrant Workers Clinic,0.5373979210853577,EX3010,Exchange Technical Essential,0.5351340770721436
MANUFACTURING LABOURERS AND RELATED WORKERS,"CLEANERS, LABOURERS AND RELATED WORKERS",20,0.4198569357395172,116,MKT3720,Retail Marketing,0.54608154296875,EX3010,Exchange Technical Essential,0.54412841796875,MKT3425,Retail Marketing,0.54278564453125
HOTEL AND FOOD AND BEVERAGES SERVICES MANAGERS,"LEGISLATORS, SENIOR OFFICIALS AND MANAGERS",53,0.41892507672309875,117,DOS3703,Service Operations Management,0.6002036333084106,DSC3203,Service Operations Management,0.6002036333084106,MKT3720,Retail Marketing,0.5630804300308228
ELECTRICAL EQUIPMENT RELATED TRADES WORKERS,CRAFTSMEN AND RELATED TRADES WORKERS,18,0.41734549403190613,118,IPM2106,Mechanical and Electrical Systems,0.5380723476409912,NST2027,Energy in Singapore: Is Technology the Answer?,0.5367024540901184,ESE2102,Principles & Practice in Environmental Monitoring,0.5333251953125
BUILDING FRAME AND RELATED TRADES WORKERS,CRAFTSMEN AND RELATED TRADES WORKERS,29,0.41722625494003296,119,AR1326,Architectural Construction,0.6071272492408752,PF2103,Measurement (Building Works),0.5676690340042114,IPM2103,Measurement (Building Works),0.5676690340042114
MOBILE MACHINERY OPERATORS,PLANT AND MACHINE OPERATORS AND ASSEMBLERS,39,0.4167323708534241,120,EX3010,Exchange Technical Essential,0.5429562330245972,LL4008AV,Carriage of Goods by Sea,0.5389310121536255,LL4008A,Carriage of Goods by Sea,0.5388872027397156
HOUSEKEEPERS AND RELATED WORKERS,SERVICES AND SALES WORKERS,31,0.41637080907821655,121,GEN2061Y,Support Healthy AgeingSG,0.5427718758583069,GEN2061X,Support Healthy AgeingSG,0.5427718758583069,GEN2061,Support Healthy AgeingSG,0.5427718758583069
PROTECTIVE SERVICES WORKERS,SERVICES AND SALES WORKERS,68,0.4146450459957123,122,LL4261V,Employment Law & Migrant Workers Clinic,0.5491440892219543,GESS1036,Singapore Employment Law and Policies,0.54449462890625,SW3221,Protection of Vulnerable Clients,0.5427641272544861
PRINTING TRADES WORKERS,CRAFTSMEN AND RELATED TRADES WORKERS,1,0.4106120467185974,123,ID2114,The Appreciation of Wood Craft,0.599609375,MUA3213,Music Notation and Engraving,0.5908203125,MLE2106,Metallic Materials and Processing,0.56396484375
CASHIERS AND TICKET CLERKS,SERVICES AND SALES WORKERS,40,0.4099155366420746,124,MKT3720,Retail Marketing,0.5722411870956421,MKT3425,Retail Marketing,0.5672241449356079,ACC3703,Taxation,0.529034435749054
FOOD AND RELATED PRODUCTS MACHINE OPERATORS,PLANT AND MACHINE OPERATORS AND ASSEMBLERS,3,0.4079250395298004,125,CN4215R,Food Technology and Engineering,0.5386555790901184,FST2106,Post Harvest Food Processing,0.5350748896598816,CN4231E,Downstream Processing of Biochemical and Pharmaceutical Products,0.5315755009651184
BUILDING FINISHERS AND RELATED TRADES WORKERS,CRAFTSMEN AND RELATED TRADES WORKERS,24,0.40584203600883484,126,AR1326,Architectural Construction,0.5388997197151184,PF2103,Measurement (Building Works),0.52276611328125,IPM2103,Measurement (Building Works),0.52276611328125
